{
  "project_info": {
    "project_number": "522480466632",
    "firebase_url": "https://read-or-die4-default-rtdb.firebaseio.com",
    "project_id": "read-or-die4",
    "storage_bucket": "read-or-die4.appspot.com"
  },
  "client": [
    {
      "client_info": {
        "mobilesdk_app_id": "1:522480466632:android:0bea32e43b269c36f303fd",
        "android_client_info": {
          "package_name": "com.example.readordie"
        }
      },
      "oauth_client": [
        {
          "client_id": "522480466632-ofj89tn63rcasmkeputmjsnm1mjd04r7.apps.googleusercontent.com",
          "client_type": 3
        }
      ],
      "api_key": [
        {
          "current_key": "AIzaSyC9PjTPu4iiPJ64sGOO-YAolst32hRRZUA"
        }
      ],
      "services": {
        "appinvite_service": {
          "other_platform_oauth_client": [
            {
              "client_id": "522480466632-ofj89tn63rcasmkeputmjsnm1mjd04r7.apps.googleusercontent.com",
              "client_type": 3
            }
          ]
        }
      }
    },
    {
      "client_info": {
        "mobilesdk_app_id": "1:522480466632:android:021b542ea9b6b1d7f303fd",
        "android_client_info": {
          "package_name": "com.example.readordie4"
        }
      },
      "oauth_client": [
        {
          "client_id": "522480466632-ofj89tn63rcasmkeputmjsnm1mjd04r7.apps.googleusercontent.com",
          "client_type": 3
        }
      ],
      "api_key": [
        {
          "current_key": "AIzaSyC9PjTPu4iiPJ64sGOO-YAolst32hRRZUA"
        }
      ],
      "services": {
        "appinvite_service": {
          "other_platform_oauth_client": [
            {
              "client_id": "522480466632-ofj89tn63rcasmkeputmjsnm1mjd04r7.apps.googleusercontent.com",
              "client_type": 3
            }
          ]
        }
      }
    }
  ],
  "configuration_version": "1"
}